{"cameraMode":{"drawMode":0,"name":"Shaded","section":"Shading Mode"},"sceneLighting":false,"audioPlay":false,"sceneViewState":{"showFog":true,"showMaterialUpdate":false,"showSkybox":false,"showFlares":true,"showImageEffects":true,"showParticleSystems":true},"in2DMode":false,"pivot":{"x":0.0,"y":2.5799999237060549,"z":15.420000076293946},"rotation":{"x":0.25511518120765688,"y":-0.17647004127502442,"z":0.04706616327166557,"w":0.9495822191238403},"size":3.269174098968506,"orthographic":false}